country,IN,Required,Male,156231
country,IN,Available,Male,59880
country,IN,Required,Female,156231
country,IN,Available,Female,198356
district,532,Required,Male,0
district,532,Available,Male,0
district,532,Required,Female,0
district,532,Available,Female,0
district,146,Required,Male,0
district,146,Available,Male,0
district,146,Required,Female,0
district,146,Available,Female,0
district,474,Required,Male,0
district,474,Available,Male,0
district,474,Required,Female,0
district,474,Available,Female,0
district,522,Required,Male,0
district,522,Available,Male,0
district,522,Required,Female,0
district,522,Available,Female,0
district,283,Required,Male,0
district,283,Available,Male,0
district,283,Required,Female,0
district,283,Available,Female,0
district,119,Required,Male,0
district,119,Available,Male,0
district,119,Required,Female,0
district,119,Available,Female,0
district,501,Required,Male,0
district,501,Available,Male,0
district,501,Required,Female,0
district,501,Available,Female,0
district,598,Required,Male,0
district,598,Available,Male,0
district,598,Required,Female,0
district,598,Available,Female,0
district,143,Required,Male,0
district,143,Available,Male,0
district,143,Required,Female,0
district,143,Available,Female,0
district,465,Required,Male,0
district,465,Available,Male,0
district,465,Required,Female,0
district,465,Available,Female,0
district,175,Required,Male,0
district,175,Available,Male,0
district,175,Required,Female,0
district,175,Available,Female,0
district,64,Required,Male,0
district,64,Available,Male,0
district,64,Required,Female,0
district,64,Available,Female,0
district,104,Required,Male,0
district,104,Available,Male,0
district,104,Required,Female,0
district,104,Available,Female,0
district,70,Required,Male,0
district,70,Available,Male,0
district,70,Required,Female,0
district,70,Available,Female,0
district,178,Required,Male,0
district,178,Available,Male,0
district,178,Required,Female,0
district,178,Available,Female,0
district,503,Required,Male,0
district,503,Available,Male,0
district,503,Required,Female,0
district,503,Available,Female,0
district,480,Required,Male,0
district,480,Available,Male,0
district,480,Required,Female,0
district,480,Available,Female,0
district,49,Required,Male,0
district,49,Available,Male,0
district,49,Required,Female,0
district,49,Available,Female,0
district,482,Required,Male,0
district,482,Available,Male,0
district,482,Required,Female,0
district,482,Available,Female,0
district,553,Required,Male,0
district,553,Available,Male,0
district,553,Required,Female,0
district,553,Available,Female,0
district,14,Required,Male,0
district,14,Available,Male,0
district,14,Required,Female,0
district,14,Available,Female,0
district,260,Required,Male,0
district,260,Available,Male,0
district,260,Required,Female,0
district,260,Available,Female,0
district,384,Required,Male,0
district,384,Available,Male,0
district,384,Required,Female,0
district,384,Available,Female,0
district,461,Required,Male,0
district,461,Available,Male,0
district,461,Required,Female,0
district,461,Available,Female,0
district,209,Required,Male,0
district,209,Available,Male,0
district,209,Required,Female,0
district,209,Available,Female,0
district,616,Required,Male,0
district,616,Available,Male,0
district,616,Required,Female,0
district,616,Available,Female,0
district,240,Required,Male,0
district,240,Available,Male,0
district,240,Required,Female,0
district,240,Available,Female,0
district,459,Required,Male,0
district,459,Available,Male,0
district,459,Required,Female,0
district,459,Available,Female,0
district,162,Required,Male,0
district,162,Available,Male,0
district,162,Required,Female,0
district,162,Available,Female,0
district,235,Required,Male,0
district,515,Required,Male,0
district,235,Available,Male,0
district,515,Available,Male,0
district,235,Required,Female,0
district,515,Required,Female,0
district,235,Available,Female,0
district,515,Available,Female,0
district,191,Required,Male,0
district,191,Available,Male,0
district,191,Required,Female,0
district,191,Available,Female,0
district,2,Required,Male,0
district,2,Available,Male,0
district,2,Required,Female,0
district,2,Available,Female,0
district,556,Required,Male,0
district,556,Available,Male,0
district,556,Required,Female,0
district,556,Available,Female,0
district,63,Required,Male,0
district,63,Available,Male,0
district,63,Required,Female,0
district,63,Available,Female,0
district,139,Required,Male,0
district,139,Available,Male,0
district,139,Required,Female,0
district,139,Available,Female,0
district,180,Required,Male,0
district,180,Available,Male,0
district,180,Required,Female,0
district,180,Available,Female,0
district,324,Required,Male,0
district,324,Available,Male,0
district,324,Required,Female,0
district,324,Available,Female,0
district,457,Required,Male,0
district,457,Available,Male,0
district,457,Required,Female,0
district,457,Available,Female,0
district,393,Required,Male,0
district,393,Available,Male,0
district,393,Required,Female,0
district,393,Available,Female,0
district,377,Required,Male,0
district,377,Available,Male,0
district,377,Required,Female,0
district,377,Available,Female,0
district,193,Required,Male,0
district,193,Available,Male,0
district,193,Required,Female,0
district,193,Available,Female,0
district,182,Required,Male,0
district,182,Available,Male,0
district,182,Required,Female,0
district,182,Available,Female,0
district,469,Required,Male,0
district,469,Available,Male,0
district,469,Required,Female,0
district,469,Available,Female,0
district,170,Required,Male,0
district,170,Available,Male,0
district,170,Required,Female,0
district,170,Available,Female,0
district,9,Required,Male,0
district,9,Available,Male,0
district,9,Required,Female,0
district,9,Available,Female,0
district,572,Required,Male,0
district,572,Available,Male,0
district,572,Required,Female,0
district,572,Available,Female,0
district,583,Required,Male,0
district,583,Available,Male,0
district,583,Required,Female,0
district,583,Available,Female,0
district,225,Required,Male,0
district,225,Available,Male,0
district,225,Required,Female,0
district,225,Available,Female,0
district,339,Required,Male,0
district,339,Available,Male,0
district,339,Required,Female,0
district,339,Available,Female,0
district,125,Required,Male,0
district,125,Available,Male,0
district,125,Required,Female,0
district,125,Available,Female,0
district,176,Required,Male,0
district,176,Available,Male,0
district,176,Required,Female,0
district,176,Available,Female,0
district,8,Required,Male,0
district,8,Available,Male,0
district,8,Required,Female,0
district,8,Available,Female,0
district,128,Required,Male,0
district,128,Available,Male,0
district,128,Required,Female,0
district,128,Available,Female,0
district,335,Required,Male,0
district,335,Available,Male,0
district,335,Required,Female,0
district,335,Available,Female,0
district,150,Required,Male,0
district,150,Available,Male,0
district,150,Required,Female,0
district,150,Available,Female,0
district,370,Required,Male,0
district,370,Available,Male,0
district,370,Required,Female,0
district,370,Available,Female,0
district,115,Required,Male,0
district,115,Available,Male,0
district,115,Required,Female,0
district,115,Available,Female,0
district,54,Required,Male,0
district,54,Available,Male,0
district,54,Required,Female,0
district,54,Available,Female,0
district,303,Required,Male,0
district,303,Available,Male,0
district,303,Required,Female,0
district,303,Available,Female,0
district,441,Required,Male,0
district,441,Available,Male,0
district,441,Required,Female,0
district,441,Available,Female,0
district,414,Required,Male,0
district,414,Available,Male,0
district,414,Required,Female,0
district,414,Available,Female,0
district,185,Required,Male,0
district,185,Available,Male,0
district,185,Required,Female,0
district,185,Available,Female,0
district,46,Required,Male,0
district,46,Available,Male,0
district,46,Required,Female,0
district,46,Available,Female,0
district,391,Required,Male,0
district,391,Available,Male,0
district,391,Required,Female,0
district,391,Available,Female,0
district,222,Required,Male,0
district,222,Available,Male,0
district,222,Required,Female,0
district,222,Available,Female,0
district,555,Required,Male,0
district,555,Available,Male,0
district,555,Required,Female,0
district,555,Available,Female,0
district,565,Required,Male,0
district,565,Available,Male,0
district,565,Required,Female,0
district,565,Available,Female,0
district,447,Required,Male,0
district,447,Available,Male,0
district,447,Required,Female,0
district,447,Available,Female,0
district,378,Required,Male,0
district,378,Available,Male,0
district,378,Required,Female,0
district,378,Available,Female,0
district,224,Required,Male,0
district,224,Available,Male,0
district,224,Required,Female,0
district,224,Available,Female,0
district,506,Required,Male,0
district,506,Available,Male,0
district,506,Required,Female,0
district,506,Available,Female,0
district,105,Required,Male,0
district,105,Available,Male,0
district,105,Required,Female,0
district,105,Available,Female,0
district,488,Required,Male,0
district,488,Available,Male,0
district,488,Required,Female,0
district,488,Available,Female,0
district,481,Required,Male,0
district,481,Available,Male,0
district,481,Required,Female,0
district,481,Available,Female,0
district,122,Required,Male,0
district,122,Available,Male,0
district,122,Required,Female,0
district,122,Available,Female,0
district,420,Required,Male,0
district,420,Available,Male,0
district,420,Required,Female,0
district,420,Available,Female,0
district,81,Required,Male,0
district,81,Available,Male,0
district,81,Required,Female,0
district,81,Available,Female,0
district,231,Required,Male,0
district,231,Available,Male,0
district,231,Required,Female,0
district,231,Available,Female,0
district,444,Required,Male,0
district,444,Available,Male,0
district,444,Required,Female,0
district,444,Available,Female,0
district,523,Required,Male,0
district,523,Available,Male,0
district,523,Required,Female,0
district,523,Available,Female,0
district,558,Required,Male,0
district,558,Available,Male,0
district,558,Required,Female,0
district,558,Available,Female,0
district,417,Required,Male,0
district,557,Required,Male,0
district,417,Available,Male,0
district,557,Available,Male,0
district,417,Required,Female,0
district,557,Required,Female,0
district,417,Available,Female,0
district,557,Available,Female,0
district,134,Required,Male,0
district,134,Available,Male,0
district,134,Required,Female,0
district,134,Available,Female,0
district,101,Required,Male,0
district,101,Available,Male,0
district,101,Required,Female,0
district,101,Available,Female,0
district,30,Required,Male,0
district,406,Required,Male,0
district,30,Available,Male,0
district,406,Available,Male,0
district,30,Required,Female,0
district,406,Required,Female,0
district,30,Available,Female,0
district,406,Available,Female,0
district,334,Required,Male,0
district,334,Available,Male,0
district,334,Required,Female,0
district,334,Available,Female,0
district,275,Required,Male,0
district,275,Available,Male,0
district,275,Required,Female,0
district,275,Available,Female,0
district,355,Required,Male,0
district,355,Available,Male,0
district,355,Required,Female,0
district,355,Available,Female,0
district,319,Required,Male,0
district,319,Available,Male,0
district,319,Required,Female,0
district,319,Available,Female,0
district,149,Required,Male,0
district,149,Available,Male,0
district,149,Required,Female,0
district,149,Available,Female,0
district,142,Required,Male,0
district,142,Available,Male,0
district,142,Required,Female,0
district,142,Available,Female,0
district,500,Required,Male,0
district,500,Available,Male,0
district,500,Required,Female,0
district,500,Available,Female,0
district,121,Required,Male,0
district,121,Available,Male,0
district,121,Required,Female,0
district,121,Available,Female,0
district,467,Required,Male,0
district,467,Available,Male,0
district,467,Required,Female,0
district,467,Available,Female,0
district,232,Required,Male,0
district,232,Available,Male,0
district,232,Required,Female,0
district,232,Available,Female,0
district,316,Required,Male,0
district,316,Available,Male,0
district,316,Required,Female,0
district,316,Available,Female,0
district,95,Required,Male,0
district,95,Available,Male,0
district,95,Required,Female,0
district,95,Available,Female,0
district,578,Required,Male,0
district,578,Available,Male,0
district,578,Required,Female,0
district,578,Available,Female,0
district,23,Required,Male,0
district,23,Available,Male,0
district,23,Required,Female,0
district,23,Available,Female,0
district,57,Required,Male,0
district,57,Available,Male,0
district,57,Required,Female,0
district,57,Available,Female,0
district,65,Required,Male,0
district,65,Available,Male,0
district,65,Required,Female,0
district,65,Available,Female,0
district,284,Required,Male,0
district,284,Available,Male,0
district,284,Required,Female,0
district,284,Available,Female,0
district,196,Required,Male,0
district,196,Available,Male,0
district,196,Required,Female,0
district,196,Available,Female,0
district,280,Required,Male,0
district,280,Available,Male,0
district,280,Required,Female,0
district,280,Available,Female,0
district,55,Required,Male,0
district,55,Available,Male,0
district,55,Required,Female,0
district,55,Available,Female,0
district,509,Required,Male,0
district,509,Available,Male,0
district,509,Required,Female,0
district,509,Available,Female,0
district,253,Required,Male,0
district,253,Available,Male,0
district,253,Required,Female,0
district,253,Available,Female,0
district,347,Required,Male,0
district,347,Available,Male,0
district,347,Required,Female,0
district,347,Available,Female,0
district,603,Required,Male,0
district,603,Available,Male,0
district,603,Required,Female,0
district,603,Available,Female,0
district,425,Required,Male,0
district,425,Available,Male,0
district,425,Required,Female,0
district,425,Available,Female,0
district,455,Required,Male,0
district,455,Available,Male,0
district,455,Required,Female,0
district,455,Available,Female,0
district,582,Required,Male,0
district,582,Available,Male,0
district,582,Required,Female,0
district,582,Available,Female,0
district,570,Required,Male,0
district,570,Available,Male,0
district,570,Required,Female,0
district,570,Available,Female,0
district,320,Required,Male,0
district,320,Available,Male,0
district,320,Required,Female,0
district,320,Available,Female,0
district,566,Required,Male,0
district,566,Available,Male,0
district,566,Required,Female,0
district,566,Available,Female,0
district,171,Required,Male,0
district,171,Available,Male,0
district,171,Required,Female,0
district,171,Available,Female,0
district,126,Required,Male,0
district,126,Available,Male,0
district,126,Required,Female,0
district,126,Available,Female,0
district,554,Required,Male,0
district,554,Available,Male,0
district,554,Required,Female,0
district,554,Available,Female,0
district,274,Required,Male,0
district,274,Available,Male,0
district,274,Required,Female,0
district,274,Available,Female,0
district,102,Required,Male,0
district,102,Available,Male,0
district,102,Required,Female,0
district,102,Available,Female,0
district,632,Required,Male,0
district,632,Available,Male,0
district,632,Required,Female,0
district,632,Available,Female,0
district,617,Required,Male,0
district,617,Available,Male,0
district,617,Required,Female,0
district,617,Available,Female,0
district,381,Required,Male,0
district,381,Available,Male,0
district,381,Required,Female,0
district,381,Available,Female,0
district,496,Required,Male,0
district,496,Available,Male,0
district,496,Required,Female,0
district,496,Available,Female,0
district,416,Required,Male,0
district,416,Available,Male,0
district,416,Required,Female,0
district,416,Available,Female,0
district,331,Required,Male,0
district,331,Available,Male,0
district,331,Required,Female,0
district,331,Available,Female,0
district,575,Required,Male,0
district,575,Available,Male,0
district,575,Required,Female,0
district,575,Available,Female,0
district,495,Required,Male,0
district,495,Available,Male,0
district,495,Required,Female,0
district,495,Available,Female,0
district,428,Required,Male,0
district,428,Available,Male,0
district,428,Required,Female,0
district,428,Available,Female,0
district,215,Required,Male,0
district,215,Available,Male,0
district,215,Required,Female,0
district,215,Available,Female,0
district,327,Required,Male,0
district,327,Available,Male,0
district,327,Required,Female,0
district,327,Available,Female,0
district,325,Required,Male,0
district,325,Available,Male,0
district,325,Required,Female,0
district,325,Available,Female,0
district,422,Required,Male,0
district,422,Available,Male,0
district,422,Required,Female,0
district,422,Available,Female,0
district,109,Required,Male,0
district,109,Available,Male,0
district,109,Required,Female,0
district,109,Available,Female,0
district,567,Required,Male,0
district,567,Available,Male,0
district,567,Required,Female,0
district,567,Available,Female,0
district,373,Required,Male,0
district,373,Available,Male,0
district,373,Required,Female,0
district,373,Available,Female,0
district,60,Required,Male,0
district,60,Available,Male,0
district,60,Required,Female,0
district,60,Available,Female,0
district,350,Required,Male,0
district,350,Available,Male,0
district,350,Required,Female,0
district,350,Available,Female,0
district,190,Required,Male,0
district,190,Available,Male,0
district,190,Required,Female,0
district,190,Available,Female,0
district,437,Required,Male,0
district,437,Available,Male,0
district,437,Required,Female,0
district,437,Available,Female,0
district,291,Required,Male,0
district,291,Available,Male,0
district,291,Required,Female,0
district,291,Available,Female,0
district,412,Required,Male,0
district,412,Available,Male,0
district,412,Required,Female,0
district,412,Available,Female,0
district,354,Required,Male,0
district,354,Available,Male,0
district,354,Required,Female,0
district,354,Available,Female,0
district,438,Required,Male,0
district,438,Available,Male,0
district,438,Required,Female,0
district,438,Available,Female,0
district,630,Required,Male,0
district,630,Available,Male,0
district,630,Required,Female,0
district,630,Available,Female,0
district,562,Required,Male,0
district,562,Available,Male,0
district,562,Required,Female,0
district,562,Available,Female,0
district,106,Required,Male,0
district,106,Available,Male,0
district,106,Required,Female,0
district,106,Available,Female,0
district,308,Required,Male,0
district,308,Available,Male,0
district,308,Required,Female,0
district,308,Available,Female,0
district,383,Required,Male,0
district,383,Available,Male,0
district,383,Required,Female,0
district,383,Available,Female,0
district,301,Required,Male,0
district,301,Available,Male,0
district,301,Required,Female,0
district,301,Available,Female,0
district,498,Required,Male,0
district,498,Available,Male,0
district,498,Required,Female,0
district,498,Available,Female,0
district,257,Required,Male,0
district,257,Available,Male,0
district,257,Required,Female,0
district,257,Available,Female,0
district,310,Required,Male,0
district,310,Available,Male,0
district,310,Required,Female,0
district,310,Available,Female,0
district,315,Required,Male,0
district,315,Available,Male,0
district,315,Required,Female,0
district,315,Available,Female,0
district,265,Required,Male,0
district,265,Available,Male,0
district,265,Required,Female,0
district,265,Available,Female,0
district,612,Required,Male,0
district,612,Available,Male,0
district,612,Required,Female,0
district,612,Available,Female,0
district,453,Required,Male,0
district,453,Available,Male,0
district,453,Required,Female,0
district,453,Available,Female,0
district,494,Required,Male,0
district,494,Available,Male,0
district,494,Required,Female,0
district,494,Available,Female,0
district,16,Required,Male,0
district,16,Available,Male,0
district,16,Required,Female,0
district,16,Available,Female,0
district,485,Required,Male,0
district,485,Available,Male,0
district,485,Required,Female,0
district,485,Available,Female,0
district,362,Required,Male,0
district,362,Available,Male,0
district,362,Required,Female,0
district,362,Available,Female,0
district,124,Required,Male,0
district,124,Available,Male,0
district,124,Required,Female,0
district,124,Available,Female,0
district,409,Required,Male,0
district,409,Available,Male,0
district,409,Required,Female,0
district,409,Available,Female,0
district,93,Required,Male,0
district,93,Available,Male,0
district,93,Required,Female,0
district,93,Available,Female,0
district,244,Required,Male,0
district,244,Available,Male,0
district,244,Required,Female,0
district,244,Available,Female,0
district,294,Required,Male,0
district,294,Available,Male,0
district,294,Required,Female,0
district,294,Available,Female,0
district,545,Required,Male,0
district,545,Available,Male,0
district,545,Required,Female,0
district,545,Available,Female,0
district,247,Required,Male,0
district,247,Available,Male,0
district,247,Required,Female,0
district,247,Available,Female,0
district,298,Required,Male,0
district,298,Available,Male,0
district,298,Required,Female,0
district,298,Available,Female,0
district,251,Required,Male,0
district,251,Available,Male,0
district,251,Required,Female,0
district,251,Available,Female,0
district,595,Required,Male,0
district,595,Available,Male,0
district,595,Required,Female,0
district,595,Available,Female,0
district,610,Required,Male,0
district,610,Available,Male,0
district,610,Required,Female,0
district,610,Available,Female,0
district,201,Required,Male,0
district,201,Available,Male,0
district,201,Required,Female,0
district,201,Available,Female,0
district,161,Required,Male,0
district,161,Available,Male,0
district,161,Required,Female,0
district,161,Available,Female,0
district,177,Required,Male,0
district,177,Available,Male,0
district,177,Required,Female,0
district,177,Available,Female,0
district,88,Required,Male,0
district,88,Available,Male,0
district,88,Required,Female,0
district,88,Available,Female,0
district,45,Required,Male,0
district,45,Available,Male,0
district,45,Required,Female,0
district,45,Available,Female,0
district,159,Required,Male,0
district,159,Available,Male,0
district,159,Required,Female,0
district,159,Available,Female,0
district,78,Required,Male,0
district,78,Available,Male,0
district,78,Required,Female,0
district,78,Available,Female,0
district,40,Required,Male,0
district,40,Available,Male,0
district,40,Required,Female,0
district,40,Available,Female,0
district,172,Required,Male,0
district,172,Available,Male,0
district,172,Required,Female,0
district,172,Available,Female,0
district,147,Required,Male,0
district,147,Available,Male,0
district,147,Required,Female,0
district,147,Available,Female,0
district,43,Required,Male,0
district,43,Available,Male,0
district,43,Required,Female,0
district,43,Available,Female,0
district,561,Required,Male,0
district,561,Available,Male,0
district,561,Required,Female,0
district,561,Available,Female,0
district,508,Required,Male,0
district,508,Available,Male,0
district,508,Required,Female,0
district,508,Available,Female,0
district,389,Required,Male,0
district,389,Available,Male,0
district,389,Required,Female,0
district,389,Available,Female,0
district,11,Required,Male,0
district,11,Available,Male,0
district,11,Required,Female,0
district,11,Available,Female,0
district,473,Required,Male,0
district,473,Available,Male,0
district,473,Required,Female,0
district,473,Available,Female,0
district,99,Required,Male,0
district,99,Available,Male,0
district,99,Required,Female,0
district,99,Available,Female,0
district,388,Required,Male,0
district,388,Available,Male,0
district,388,Required,Female,0
district,388,Available,Female,0
district,346,Required,Male,0
district,346,Available,Male,0
district,346,Required,Female,0
district,346,Available,Female,0
district,61,Required,Male,0
district,61,Available,Male,0
district,61,Required,Female,0
district,61,Available,Female,0
district,141,Required,Male,0
district,141,Available,Male,0
district,141,Required,Female,0
district,141,Available,Female,0
district,236,Required,Male,0
district,236,Available,Male,0
district,236,Required,Female,0
district,236,Available,Female,0
district,140,Required,Male,0
district,140,Available,Male,0
district,140,Required,Female,0
district,140,Available,Female,0
district,195,Required,Male,0
district,195,Available,Male,0
district,195,Required,Female,0
district,195,Available,Female,0
district,349,Required,Male,0
district,349,Available,Male,0
district,349,Required,Female,0
district,349,Available,Female,0
district,302,Required,Male,0
district,302,Available,Male,0
district,302,Required,Female,0
district,302,Available,Female,0
district,351,Required,Male,0
district,351,Available,Male,0
district,351,Required,Female,0
district,351,Available,Female,0
district,313,Required,Male,0
district,313,Available,Male,0
district,313,Required,Female,0
district,313,Available,Female,0
district,183,Required,Male,0
district,183,Available,Male,0
district,183,Required,Female,0
district,183,Available,Female,0
district,507,Required,Male,0
district,507,Available,Male,0
district,507,Required,Female,0
district,507,Available,Female,0
district,217,Required,Male,0
district,217,Available,Male,0
district,217,Required,Female,0
district,217,Available,Female,0
district,188,Required,Male,0
district,188,Available,Male,0
district,188,Required,Female,0
district,188,Available,Female,0
district,579,Required,Male,0
district,579,Available,Male,0
district,579,Required,Female,0
district,579,Available,Female,0
district,366,Required,Male,0
district,366,Available,Male,0
district,366,Required,Female,0
district,366,Available,Female,0
district,458,Required,Male,0
district,458,Available,Male,0
district,458,Required,Female,0
district,458,Available,Female,0
district,548,Required,Male,0
district,548,Available,Male,0
district,548,Required,Female,0
district,548,Available,Female,0
district,35,Required,Male,0
district,35,Available,Male,0
district,35,Required,Female,0
district,35,Available,Female,0
district,86,Required,Male,0
district,86,Available,Male,0
district,86,Required,Female,0
district,86,Available,Female,0
district,421,Required,Male,0
district,421,Available,Male,0
district,421,Required,Female,0
district,421,Available,Female,0
district,318,Required,Male,0
district,318,Available,Male,0
district,318,Required,Female,0
district,318,Available,Female,0
district,28,Required,Male,0
district,168,Required,Male,0
district,28,Available,Male,0
district,168,Available,Male,0
district,28,Required,Female,0
district,168,Required,Female,0
district,28,Available,Female,0
district,168,Available,Female,0
district,100,Required,Male,0
district,100,Available,Male,0
district,100,Required,Female,0
district,100,Available,Female,0
district,341,Required,Male,0
district,341,Available,Male,0
district,341,Required,Female,0
district,341,Available,Female,0
district,448,Required,Male,0
district,448,Available,Male,0
district,448,Required,Female,0
district,448,Available,Female,0
district,155,Required,Male,0
district,155,Available,Male,0
district,155,Required,Female,0
district,155,Available,Female,0
district,68,Required,Male,0
district,68,Available,Male,0
district,68,Required,Female,0
district,68,Available,Female,0
district,574,Required,Male,0
district,574,Available,Male,0
district,574,Required,Female,0
district,574,Available,Female,0
district,564,Required,Male,0
district,564,Available,Male,0
district,564,Required,Female,0
district,564,Available,Female,0
district,360,Required,Male,0
district,360,Available,Male,0
district,360,Required,Female,0
district,360,Available,Female,0
district,512,Required,Male,0
district,512,Available,Male,0
district,512,Required,Female,0
district,512,Available,Female,0
district,80,Required,Male,0
district,80,Available,Male,0
district,80,Required,Female,0
district,80,Available,Female,0
district,449,Required,Male,0
district,449,Available,Male,0
district,449,Required,Female,0
district,449,Available,Female,0
district,38,Required,Male,0
district,38,Available,Male,0
district,38,Required,Female,0
district,38,Available,Female,0
district,338,Required,Male,0
district,338,Available,Male,0
district,338,Required,Female,0
district,338,Available,Female,0
district,536,Required,Male,0
district,536,Available,Male,0
district,536,Required,Female,0
district,536,Available,Female,0
district,596,Required,Male,0
district,596,Available,Male,0
district,596,Required,Female,0
district,596,Available,Female,0
district,278,Required,Male,0
district,278,Available,Male,0
district,278,Required,Female,0
district,278,Available,Female,0
district,277,Required,Male,0
district,277,Available,Male,0
district,277,Required,Female,0
district,277,Available,Female,0
district,439,Required,Male,0
district,439,Available,Male,0
district,439,Required,Female,0
district,439,Available,Female,0
district,451,Required,Male,0
district,451,Available,Male,0
district,451,Required,Female,0
district,451,Available,Female,0
district,380,Required,Male,0
district,380,Available,Male,0
district,380,Required,Female,0
district,380,Available,Female,0
district,299,Required,Male,0
district,299,Available,Male,0
district,299,Required,Female,0
district,299,Available,Female,0
district,110,Required,Male,0
district,110,Available,Male,0
district,110,Required,Female,0
district,110,Available,Female,0
district,114,Required,Male,0
district,114,Available,Male,0
district,114,Required,Female,0
district,114,Available,Female,0
district,382,Required,Male,0
district,382,Available,Male,0
district,382,Required,Female,0
district,382,Available,Female,0
district,37,Required,Male,0
district,37,Available,Male,0
district,37,Required,Female,0
district,37,Available,Female,0
district,165,Required,Male,0
district,165,Available,Male,0
district,165,Required,Female,0
district,165,Available,Female,0
district,499,Required,Male,0
district,499,Available,Male,0
district,499,Required,Female,0
district,499,Available,Female,0
district,514,Required,Male,0
district,514,Available,Male,0
district,514,Required,Female,0
district,514,Available,Female,0
district,116,Required,Male,0
district,116,Available,Male,0
district,116,Required,Female,0
district,116,Available,Female,0
district,328,Required,Male,0
district,328,Available,Male,0
district,328,Required,Female,0
district,328,Available,Female,0
district,21,Required,Male,0
district,21,Available,Male,0
district,21,Required,Female,0
district,21,Available,Female,0
district,477,Required,Male,0
district,477,Available,Male,0
district,477,Required,Female,0
district,477,Available,Female,0
district,363,Required,Male,0
district,363,Available,Male,0
district,363,Required,Female,0
district,363,Available,Female,0
district,238,Required,Male,0
district,238,Available,Male,0
district,238,Required,Female,0
district,238,Available,Female,0
district,405,Required,Male,0
district,405,Available,Male,0
district,405,Required,Female,0
district,405,Available,Female,0
district,402,Required,Male,0
district,402,Available,Male,0
district,402,Required,Female,0
district,402,Available,Female,0
district,194,Required,Male,0
district,194,Available,Male,0
district,194,Required,Female,0
district,194,Available,Female,0
district,239,Required,Male,0
district,239,Available,Male,0
district,239,Required,Female,0
district,239,Available,Female,0
district,464,Required,Male,0
district,464,Available,Male,0
district,464,Required,Female,0
district,464,Available,Female,0
district,83,Required,Male,0
district,83,Available,Male,0
district,83,Required,Female,0
district,83,Available,Female,0
district,129,Required,Male,0
district,129,Available,Male,0
district,129,Required,Female,0
district,129,Available,Female,0
district,166,Required,Male,0
district,166,Available,Male,0
district,166,Required,Female,0
district,166,Available,Female,0
district,371,Required,Male,0
district,371,Available,Male,0
district,371,Required,Female,0
district,371,Available,Female,0
district,103,Required,Male,0
district,103,Available,Male,0
district,103,Required,Female,0
district,103,Available,Female,0
district,77,Required,Male,0
district,77,Available,Male,0
district,77,Required,Female,0
district,77,Available,Female,0
district,113,Required,Male,0
district,113,Available,Male,0
district,113,Required,Female,0
district,113,Available,Female,0
district,312,Required,Male,0
district,312,Available,Male,0
district,312,Required,Female,0
district,312,Available,Female,0
district,479,Required,Male,0
district,479,Available,Male,0
district,479,Required,Female,0
district,479,Available,Female,0
district,137,Required,Male,0
district,137,Available,Male,0
district,137,Required,Female,0
district,137,Available,Female,0
district,407,Required,Male,0
district,407,Available,Male,0
district,407,Required,Female,0
district,407,Available,Female,0
district,468,Required,Male,0
district,468,Available,Male,0
district,468,Required,Female,0
district,468,Available,Female,0
district,233,Required,Male,0
district,233,Available,Male,0
district,233,Required,Female,0
district,233,Available,Female,0
district,73,Required,Male,0
district,73,Available,Male,0
district,73,Required,Female,0
district,73,Available,Female,0
district,395,Required,Male,0
district,395,Available,Male,0
district,395,Required,Female,0
district,395,Available,Female,0
district,321,Required,Male,0
district,321,Available,Male,0
district,321,Required,Female,0
district,321,Available,Female,0
district,322,Required,Male,0
district,322,Available,Male,0
district,322,Required,Female,0
district,322,Available,Female,0
district,604,Required,Male,0
district,604,Available,Male,0
district,604,Required,Female,0
district,604,Available,Female,0
district,390,Required,Male,0
district,390,Available,Male,0
district,390,Required,Female,0
district,390,Available,Female,0
district,24,Required,Male,0
district,24,Available,Male,0
district,24,Required,Female,0
district,24,Available,Female,0
district,160,Required,Male,0
district,160,Available,Male,0
district,160,Required,Female,0
district,160,Available,Female,0
district,629,Required,Male,0
district,629,Available,Male,0
district,629,Required,Female,0
district,629,Available,Female,0
district,589,Required,Male,0
district,589,Available,Male,0
district,589,Required,Female,0
district,589,Available,Female,0
district,163,Required,Male,0
district,163,Available,Male,0
district,163,Required,Female,0
district,163,Available,Female,0
district,164,Required,Male,0
district,164,Available,Male,0
district,164,Required,Female,0
district,164,Available,Female,0
district,202,Required,Male,0
district,202,Available,Male,0
district,202,Required,Female,0
district,202,Available,Female,0
district,36,Required,Male,0
district,36,Available,Male,0
district,36,Required,Female,0
district,36,Available,Female,0
district,637,Required,Male,0
district,637,Available,Male,0
district,637,Required,Female,0
district,637,Available,Female,0
district,107,Required,Male,0
district,107,Available,Male,0
district,107,Required,Female,0
district,107,Available,Female,0
district,314,Required,Male,0
district,314,Available,Male,0
district,314,Required,Female,0
district,314,Available,Female,0
district,4,Required,Male,0
district,4,Available,Male,0
district,4,Required,Female,0
district,4,Available,Female,0
district,317,Required,Male,0
district,317,Available,Male,0
district,317,Required,Female,0
district,317,Available,Female,0
district,534,Required,Male,0
district,534,Available,Male,0
district,534,Required,Female,0
district,534,Available,Female,0
district,74,Required,Male,0
district,74,Available,Male,0
district,74,Required,Female,0
district,74,Available,Female,0
district,613,Required,Male,0
district,613,Available,Male,0
district,613,Required,Female,0
district,613,Available,Female,0
district,588,Required,Male,0
district,588,Available,Male,0
district,588,Required,Female,0
district,588,Available,Female,0
district,7,Required,Male,0
district,7,Available,Male,0
district,7,Required,Female,0
district,7,Available,Female,0
district,212,Required,Male,0
district,212,Available,Male,0
district,212,Required,Female,0
district,212,Available,Female,0
district,450,Required,Male,0
district,450,Available,Male,0
district,450,Required,Female,0
district,450,Available,Female,0
district,174,Required,Male,0
district,174,Available,Male,0
district,174,Required,Female,0
district,174,Available,Female,0
district,379,Required,Male,0
district,379,Available,Male,0
district,379,Required,Female,0
district,379,Available,Female,0
district,375,Required,Male,0
district,375,Available,Male,0
district,375,Required,Female,0
district,375,Available,Female,0
district,223,Required,Male,0
district,223,Available,Male,0
district,223,Required,Female,0
district,223,Available,Female,0
district,541,Required,Male,0
district,541,Available,Male,0
district,541,Required,Female,0
district,541,Available,Female,0
district,466,Required,Male,0
district,466,Available,Male,0
district,466,Required,Female,0
district,466,Available,Female,0
district,440,Required,Male,0
district,440,Available,Male,0
district,440,Required,Female,0
district,440,Available,Female,0
district,483,Required,Male,0
district,483,Available,Male,0
district,483,Required,Female,0
district,483,Available,Female,0
district,153,Required,Male,0
district,153,Available,Male,0
district,153,Required,Female,0
district,153,Available,Female,0
district,386,Required,Male,0
district,386,Available,Male,0
district,386,Required,Female,0
district,386,Available,Female,0
district,365,Required,Male,0
district,365,Available,Male,0
district,365,Required,Female,0
district,365,Available,Female,0
district,34,Required,Male,0
district,34,Available,Male,0
district,34,Required,Female,0
district,34,Available,Female,0
district,269,Required,Male,0
district,269,Available,Male,0
district,269,Required,Female,0
district,269,Available,Female,0
district,210,Required,Male,0
district,210,Available,Male,0
district,210,Required,Female,0
district,210,Available,Female,0
district,18,Required,Male,0
district,18,Available,Male,0
district,18,Required,Female,0
district,18,Available,Female,0
district,329,Required,Male,0
district,329,Available,Male,0
district,329,Required,Female,0
district,329,Available,Female,0
district,576,Required,Male,0
district,576,Available,Male,0
district,576,Required,Female,0
district,576,Available,Female,0
district,348,Required,Male,0
district,348,Available,Male,0
district,348,Required,Female,0
district,348,Available,Female,0
district,270,Required,Male,0
district,270,Available,Male,0
district,270,Required,Female,0
district,270,Available,Female,0
district,300,Required,Male,0
district,300,Available,Male,0
district,300,Required,Female,0
district,300,Available,Female,0
district,581,Required,Male,0
district,581,Available,Male,0
district,581,Required,Female,0
district,581,Available,Female,0
district,282,Required,Male,0
district,282,Available,Male,0
district,282,Required,Female,0
district,282,Available,Female,0
district,530,Required,Male,0
district,530,Available,Male,0
district,530,Required,Female,0
district,530,Available,Female,0
district,342,Required,Male,0
district,342,Available,Male,0
district,342,Required,Female,0
district,342,Available,Female,0
district,600,Required,Male,0
district,600,Available,Male,0
district,600,Required,Female,0
district,600,Available,Female,0
district,560,Required,Male,0
district,560,Available,Male,0
district,560,Required,Female,0
district,560,Available,Female,0
district,398,Required,Male,0
district,398,Available,Male,0
district,398,Required,Female,0
district,398,Available,Female,0
district,404,Required,Male,0
district,404,Available,Male,0
district,404,Required,Female,0
district,404,Available,Female,0
district,400,Required,Male,0
district,400,Available,Male,0
district,400,Required,Female,0
district,400,Available,Female,0
district,127,Required,Male,0
district,127,Available,Male,0
district,127,Required,Female,0
district,127,Available,Female,0
district,597,Required,Male,0
district,597,Available,Male,0
district,597,Required,Female,0
district,597,Available,Female,0
district,591,Required,Male,0
district,591,Available,Male,0
district,591,Required,Female,0
district,591,Available,Female,0
district,547,Required,Male,0
district,547,Available,Male,0
district,547,Required,Female,0
district,547,Available,Female,0
district,631,Required,Male,0
district,631,Available,Male,0
district,631,Required,Female,0
district,631,Available,Female,0
district,15,Required,Male,0
district,15,Available,Male,0
district,15,Required,Female,0
district,15,Available,Female,0
district,26,Required,Male,0
district,26,Available,Male,0
district,26,Required,Female,0
district,26,Available,Female,0
district,1,Required,Male,0
district,1,Available,Male,0
district,1,Required,Female,0
district,1,Available,Female,0
district,552,Required,Male,0
district,552,Available,Male,0
district,552,Required,Female,0
district,552,Available,Female,0
district,72,Required,Male,0
district,72,Available,Male,0
district,72,Required,Female,0
district,72,Available,Female,0
district,256,Required,Male,0
district,256,Available,Male,0
district,256,Required,Female,0
district,256,Available,Female,0
district,189,Required,Male,0
district,189,Available,Male,0
district,189,Required,Female,0
district,189,Available,Female,0
district,25,Required,Male,0
district,25,Available,Male,0
district,25,Required,Female,0
district,25,Available,Female,0
district,307,Required,Male,0
district,307,Available,Male,0
district,307,Required,Female,0
district,307,Available,Female,0
district,227,Required,Male,0
district,227,Available,Male,0
district,227,Required,Female,0
district,227,Available,Female,0
district,587,Required,Male,0
district,587,Available,Male,0
district,587,Required,Female,0
district,587,Available,Female,0
district,167,Required,Male,0
district,167,Available,Male,0
district,167,Required,Female,0
district,167,Available,Female,0
district,359,Required,Male,0
district,359,Available,Male,0
district,359,Required,Female,0
district,359,Available,Female,0
district,524,Required,Male,0
district,524,Available,Male,0
district,524,Required,Female,0
district,524,Available,Female,0
district,287,Required,Male,0
district,287,Available,Male,0
district,287,Required,Female,0
district,287,Available,Female,0
district,3,Required,Male,0
district,3,Available,Male,0
district,3,Required,Female,0
district,3,Available,Female,0
district,356,Required,Male,0
district,356,Available,Male,0
district,356,Required,Female,0
district,356,Available,Female,0
district,259,Required,Male,0
district,259,Available,Male,0
district,259,Required,Female,0
district,259,Available,Female,0
district,268,Required,Male,0
district,268,Available,Male,0
district,268,Required,Female,0
district,268,Available,Female,0
district,258,Required,Male,0
district,258,Available,Male,0
district,258,Required,Female,0
district,258,Available,Female,0
district,255,Required,Male,0
district,255,Available,Male,0
district,255,Required,Female,0
district,255,Available,Female,0
district,157,Required,Male,0
district,157,Available,Male,0
district,157,Required,Female,0
district,157,Available,Female,0
district,41,Required,Male,0
district,41,Available,Male,0
district,41,Required,Female,0
district,41,Available,Female,0
district,286,Required,Male,0
district,286,Available,Male,0
district,286,Required,Female,0
district,286,Available,Female,0
district,213,Required,Male,0
district,213,Available,Male,0
district,213,Required,Female,0
district,213,Available,Female,0
district,207,Required,Male,0
district,207,Available,Male,0
district,207,Required,Female,0
district,207,Available,Female,0
district,623,Required,Male,0
district,623,Available,Male,0
district,623,Required,Female,0
district,623,Available,Female,0
district,144,Required,Male,0
district,144,Available,Male,0
district,144,Required,Female,0
district,144,Available,Female,0
district,411,Required,Male,0
district,411,Available,Male,0
district,411,Required,Female,0
district,411,Available,Female,0
district,538,Required,Male,0
district,538,Available,Male,0
district,538,Required,Female,0
district,538,Available,Female,0
district,636,Required,Male,0
district,636,Available,Male,0
district,636,Required,Female,0
district,636,Available,Female,0
district,84,Required,Male,0
district,84,Available,Male,0
district,84,Required,Female,0
district,84,Available,Female,0
district,471,Required,Male,0
district,471,Available,Male,0
district,471,Required,Female,0
district,471,Available,Female,0
district,169,Required,Male,0
district,169,Available,Male,0
district,169,Required,Female,0
district,169,Available,Female,0
district,187,Required,Male,0
district,187,Available,Male,0
district,187,Required,Female,0
district,187,Available,Female,0
district,148,Required,Male,0
district,148,Available,Male,0
district,148,Required,Female,0
district,148,Available,Female,0
district,592,Required,Male,0
district,592,Available,Male,0
district,592,Required,Female,0
district,592,Available,Female,0
district,332,Required,Male,0
district,332,Available,Male,0
district,332,Required,Female,0
district,332,Available,Female,0
district,399,Required,Male,0
district,399,Available,Male,0
district,399,Required,Female,0
district,399,Available,Female,0
district,281,Required,Male,0
district,281,Available,Male,0
district,281,Required,Female,0
district,281,Available,Female,0
district,27,Required,Male,0
district,27,Available,Male,0
district,27,Required,Female,0
district,27,Available,Female,0
district,454,Required,Male,0
district,454,Available,Male,0
district,454,Required,Female,0
district,454,Available,Female,0
district,433,Required,Male,0
district,433,Available,Male,0
district,433,Required,Female,0
district,433,Available,Female,0
district,573,Required,Male,0
district,573,Available,Male,0
district,573,Required,Female,0
district,573,Available,Female,0
district,47,Required,Male,0
district,47,Available,Male,0
district,47,Required,Female,0
district,47,Available,Female,0
district,145,Required,Male,0
district,145,Available,Male,0
district,145,Required,Female,0
district,145,Available,Female,0
district,192,Required,Male,0
district,192,Available,Male,0
district,192,Required,Female,0
district,192,Available,Female,0
district,376,Required,Male,0
district,376,Available,Male,0
district,376,Required,Female,0
district,376,Available,Female,0
district,535,Required,Male,0
district,535,Available,Male,0
district,535,Required,Female,0
district,535,Available,Female,0
district,138,Required,Male,0
district,138,Available,Male,0
district,138,Required,Female,0
district,138,Available,Female,0
district,87,Required,Male,0
district,87,Available,Male,0
district,87,Required,Female,0
district,87,Available,Female,0
district,199,Required,Male,0
district,199,Available,Male,0
district,199,Required,Female,0
district,199,Available,Female,0
district,42,Required,Male,0
district,42,Available,Male,0
district,42,Required,Female,0
district,42,Available,Female,0
district,262,Required,Male,0
district,262,Available,Male,0
district,262,Required,Female,0
district,262,Available,Female,0
district,261,Required,Male,0
district,261,Available,Male,0
district,261,Required,Female,0
district,261,Available,Female,0
district,135,Required,Male,0
district,135,Available,Male,0
district,135,Required,Female,0
district,135,Available,Female,0
district,419,Required,Male,0
district,419,Available,Male,0
district,419,Required,Female,0
district,419,Available,Female,0
district,304,Required,Male,0
district,304,Available,Male,0
district,304,Required,Female,0
district,304,Available,Female,0
district,44,Required,Male,0
district,44,Available,Male,0
district,44,Required,Female,0
district,44,Available,Female,0
district,519,Required,Male,0
district,519,Available,Male,0
district,519,Required,Female,0
district,519,Available,Female,0
district,518,Required,Male,0
district,518,Available,Male,0
district,518,Required,Female,0
district,518,Available,Female,0
district,226,Required,Male,0
district,226,Available,Male,0
district,226,Required,Female,0
district,226,Available,Female,0
district,333,Required,Male,0
district,333,Available,Male,0
district,333,Required,Female,0
district,333,Available,Female,0
district,133,Required,Male,0
district,133,Available,Male,0
district,133,Required,Female,0
district,133,Available,Female,0
district,216,Required,Male,0
district,216,Available,Male,0
district,216,Required,Female,0
district,216,Available,Female,0
district,577,Required,Male,0
district,577,Available,Male,0
district,577,Required,Female,0
district,577,Available,Female,0
district,397,Required,Male,0
district,397,Available,Male,0
district,397,Required,Female,0
district,397,Available,Female,0
district,336,Required,Male,0
district,336,Available,Male,0
district,336,Required,Female,0
district,336,Available,Female,0
district,305,Required,Male,0
district,305,Available,Male,0
district,305,Required,Female,0
district,305,Available,Female,0
district,618,Required,Male,0
district,618,Available,Male,0
district,618,Required,Female,0
district,618,Available,Female,0
district,112,Required,Male,0
district,112,Available,Male,0
district,112,Required,Female,0
district,112,Available,Female,0
district,505,Required,Male,0
district,505,Available,Male,0
district,505,Required,Female,0
district,505,Available,Female,0
district,66,Required,Male,0
district,66,Available,Male,0
district,66,Required,Female,0
district,66,Available,Female,0
district,229,Required,Male,0
district,229,Available,Male,0
district,229,Required,Female,0
district,229,Available,Female,0
district,323,Required,Male,0
district,323,Available,Male,0
district,323,Required,Female,0
district,323,Available,Female,0
district,539,Required,Male,0
district,539,Available,Male,0
district,539,Required,Female,0
district,539,Available,Female,0
district,609,Required,Male,0
district,609,Available,Male,0
district,609,Required,Female,0
district,609,Available,Female,0
district,511,Required,Male,0
district,511,Available,Male,0
district,511,Required,Female,0
district,511,Available,Female,0
district,497,Required,Male,0
district,497,Available,Male,0
district,497,Required,Female,0
district,497,Available,Female,0
district,415,Required,Male,0
district,415,Available,Male,0
district,415,Required,Female,0
district,415,Available,Female,0
district,487,Required,Male,0
district,487,Available,Male,0
district,487,Required,Female,0
district,487,Available,Female,0
district,452,Required,Male,0
district,452,Available,Male,0
district,452,Required,Female,0
district,452,Available,Female,0
district,516,Required,Male,0
district,516,Available,Male,0
district,516,Required,Female,0
district,516,Available,Female,0
district,490,Required,Male,0
district,490,Available,Male,0
district,490,Required,Female,0
district,490,Available,Female,0
district,237,Required,Male,0
district,237,Available,Male,0
district,237,Required,Female,0
district,237,Available,Female,0
district,385,Required,Male,0
district,385,Available,Male,0
district,385,Required,Female,0
district,385,Available,Female,0
district,432,Required,Male,0
district,432,Available,Male,0
district,432,Required,Female,0
district,432,Available,Female,0
district,94,Required,Male,0
district,94,Available,Male,0
district,94,Required,Female,0
district,94,Available,Female,0
district,638,Required,Male,0
district,638,Available,Male,0
district,638,Required,Female,0
district,638,Available,Female,0
district,533,Required,Male,0
district,533,Available,Male,0
district,533,Required,Female,0
district,533,Available,Female,0
district,91,Required,Male,0
district,91,Available,Male,0
district,91,Required,Female,0
district,91,Available,Female,0
district,639,Required,Male,0
district,639,Available,Male,0
district,639,Required,Female,0
district,639,Available,Female,0
district,241,Required,Male,0
district,241,Available,Male,0
district,241,Required,Female,0
district,241,Available,Female,0
district,92,Required,Male,0
district,92,Available,Male,0
district,92,Required,Female,0
district,92,Available,Female,0
district,585,Required,Male,0
district,585,Available,Male,0
district,585,Required,Female,0
district,585,Available,Female,0
district,292,Required,Male,0
district,292,Available,Male,0
district,292,Required,Female,0
district,292,Available,Female,0
district,337,Required,Male,0
district,337,Available,Male,0
district,337,Required,Female,0
district,337,Available,Female,0
district,90,Required,Male,0
district,90,Available,Male,0
district,90,Required,Female,0
district,90,Available,Female,0
district,394,Required,Male,0
district,394,Available,Male,0
district,394,Required,Female,0
district,394,Available,Female,0
district,525,Required,Male,0
district,525,Available,Male,0
district,525,Required,Female,0
district,525,Available,Female,0
district,353,Required,Male,0
district,353,Available,Male,0
district,353,Required,Female,0
district,353,Available,Female,0
district,593,Required,Male,0
district,593,Available,Male,0
district,593,Required,Female,0
district,593,Available,Female,0
district,358,Required,Male,0
district,358,Available,Male,0
district,358,Required,Female,0
district,358,Available,Female,0
district,118,Required,Male,0
district,118,Available,Male,0
district,118,Required,Female,0
district,118,Available,Female,0
district,89,Required,Male,0
district,89,Available,Male,0
district,89,Required,Female,0
district,89,Available,Female,0
district,484,Required,Male,0
district,484,Available,Male,0
district,484,Required,Female,0
district,484,Available,Female,0
district,69,Required,Male,0
district,69,Available,Male,0
district,69,Required,Female,0
district,69,Available,Female,0
district,75,Required,Male,0
district,75,Available,Male,0
district,75,Required,Female,0
district,75,Available,Female,0
district,426,Required,Male,0
district,426,Available,Male,0
district,426,Required,Female,0
district,426,Available,Female,0
district,248,Required,Male,0
district,248,Available,Male,0
district,248,Required,Female,0
district,248,Available,Female,0
district,513,Required,Male,0
district,513,Available,Male,0
district,513,Required,Female,0
district,513,Available,Female,0
district,344,Required,Male,0
district,344,Available,Male,0
district,344,Required,Female,0
district,344,Available,Female,0
district,203,Required,Male,0
district,203,Available,Male,0
district,203,Required,Female,0
district,203,Available,Female,0
district,368,Required,Male,0
district,368,Available,Male,0
district,368,Required,Female,0
district,368,Available,Female,0
district,470,Required,Male,0
district,470,Available,Male,0
district,470,Required,Female,0
district,470,Available,Female,0
district,599,Required,Male,0
district,599,Available,Male,0
district,599,Required,Female,0
district,599,Available,Female,0
district,48,Required,Male,0
district,48,Available,Male,0
district,48,Required,Female,0
district,48,Available,Female,0
district,230,Required,Male,0
district,230,Available,Male,0
district,230,Required,Female,0
district,230,Available,Female,0
district,615,Required,Male,0
district,615,Available,Male,0
district,615,Required,Female,0
district,615,Available,Female,0
district,271,Required,Male,0
district,271,Available,Male,0
district,271,Required,Female,0
district,271,Available,Female,0
district,266,Required,Male,0
district,266,Available,Male,0
district,266,Required,Female,0
district,266,Available,Female,0
district,151,Required,Male,0
district,151,Available,Male,0
district,151,Required,Female,0
district,151,Available,Female,0
district,62,Required,Male,0
district,62,Available,Male,0
district,62,Required,Female,0
district,62,Available,Female,0
district,478,Required,Male,0
district,478,Available,Male,0
district,478,Required,Female,0
district,478,Available,Female,0
district,549,Required,Male,0
district,549,Available,Male,0
district,549,Required,Female,0
district,549,Available,Female,0
district,131,Required,Male,0
district,173,Required,Male,0
district,131,Available,Male,0
district,173,Available,Male,0
district,131,Required,Female,0
district,173,Required,Female,0
district,131,Available,Female,0
district,173,Available,Female,0
district,635,Required,Male,0
district,635,Available,Male,0
district,635,Required,Female,0
district,635,Available,Female,0
district,621,Required,Male,0
district,621,Available,Male,0
district,621,Required,Female,0
district,621,Available,Female,0
district,12,Required,Male,0
district,12,Available,Male,0
district,12,Required,Female,0
district,12,Available,Female,0
district,5,Required,Male,0
district,5,Available,Male,0
district,5,Required,Female,0
district,5,Available,Female,0
district,521,Required,Male,0
district,521,Available,Male,0
district,521,Required,Female,0
district,521,Available,Female,0
district,204,Required,Male,0
district,204,Available,Male,0
district,204,Required,Female,0
district,204,Available,Female,0
district,345,Required,Male,0
district,345,Available,Male,0
district,345,Required,Female,0
district,345,Available,Female,0
district,357,Required,Male,0
district,357,Available,Male,0
district,357,Required,Female,0
district,357,Available,Female,0
district,387,Required,Male,0
district,387,Available,Male,0
district,387,Required,Female,0
district,387,Available,Female,0
district,211,Required,Male,0
district,211,Available,Male,0
district,211,Required,Female,0
district,211,Available,Female,0
district,340,Required,Male,0
district,340,Available,Male,0
district,340,Required,Female,0
district,340,Available,Female,0
district,158,Required,Male,0
district,158,Available,Male,0
district,158,Required,Female,0
district,158,Available,Female,0
district,559,Required,Male,0
district,559,Available,Male,0
district,559,Required,Female,0
district,559,Available,Female,0
district,403,Required,Male,0
district,520,Required,Male,0
district,403,Available,Male,0
district,520,Available,Male,0
district,403,Required,Female,0
district,520,Required,Female,0
district,403,Available,Female,0
district,520,Available,Female,0
district,410,Required,Male,0
district,410,Available,Male,0
district,410,Required,Female,0
district,410,Available,Female,0
district,446,Required,Male,0
district,446,Available,Male,0
district,446,Required,Female,0
district,446,Available,Female,0
district,442,Required,Male,0
district,442,Available,Male,0
district,442,Required,Female,0
district,442,Available,Female,0
district,476,Required,Male,0
district,476,Available,Male,0
district,476,Required,Female,0
district,476,Available,Female,0
district,408,Required,Male,0
district,408,Available,Male,0
district,408,Required,Female,0
district,408,Available,Female,0
district,6,Required,Male,0
district,6,Available,Male,0
district,6,Required,Female,0
district,6,Available,Female,0
district,123,Required,Male,0
district,123,Available,Male,0
district,123,Required,Female,0
district,123,Available,Female,0
district,584,Required,Male,0
district,584,Available,Male,0
district,584,Required,Female,0
district,584,Available,Female,0
district,626,Required,Male,0
district,626,Available,Male,0
district,626,Required,Female,0
district,626,Available,Female,0
district,17,Required,Male,0
district,17,Available,Male,0
district,17,Required,Female,0
district,17,Available,Female,0
district,361,Required,Male,0
district,361,Available,Male,0
district,361,Required,Female,0
district,361,Available,Female,0
district,136,Required,Male,0
district,136,Available,Male,0
district,136,Required,Female,0
district,136,Available,Female,0
district,364,Required,Male,0
district,364,Available,Male,0
district,364,Required,Female,0
district,364,Available,Female,0
district,537,Required,Male,0
district,537,Available,Male,0
district,537,Required,Female,0
district,537,Available,Female,0
district,434,Required,Male,0
district,434,Available,Male,0
district,434,Required,Female,0
district,434,Available,Female,0
district,528,Required,Male,0
district,528,Available,Male,0
district,528,Required,Female,0
district,528,Available,Female,0
district,396,Required,Male,0
district,396,Available,Male,0
district,396,Required,Female,0
district,396,Available,Female,0
district,20,Required,Male,0
district,20,Available,Male,0
district,20,Required,Female,0
district,20,Available,Female,0
district,430,Required,Male,0
district,430,Available,Male,0
district,430,Required,Female,0
district,430,Available,Female,0
district,85,Required,Male,0
district,85,Available,Male,0
district,85,Required,Female,0
district,85,Available,Female,0
district,297,Required,Male,0
district,297,Available,Male,0
district,297,Required,Female,0
district,297,Available,Female,0
district,82,Required,Male,0
district,82,Available,Male,0
district,82,Required,Female,0
district,82,Available,Female,0
district,234,Required,Male,0
district,234,Available,Male,0
district,234,Required,Female,0
district,234,Available,Female,0
district,58,Required,Male,0
district,58,Available,Male,0
district,58,Required,Female,0
district,58,Available,Female,0
district,51,Required,Male,0
district,51,Available,Male,0
district,51,Required,Female,0
district,51,Available,Female,0
district,472,Required,Male,0
district,472,Available,Male,0
district,472,Required,Female,0
district,472,Available,Female,0
district,427,Required,Male,0
district,427,Available,Male,0
district,427,Required,Female,0
district,427,Available,Female,0
district,132,Required,Male,0
district,132,Available,Male,0
district,132,Required,Female,0
district,132,Available,Female,0
district,214,Required,Male,0
district,214,Available,Male,0
district,214,Required,Female,0
district,214,Available,Female,0
district,352,Required,Male,0
district,352,Available,Male,0
district,352,Required,Female,0
district,352,Available,Female,0
district,52,Required,Male,0
district,52,Available,Male,0
district,52,Required,Female,0
district,52,Available,Female,0
district,288,Required,Male,0
district,288,Available,Male,0
district,288,Required,Female,0
district,288,Available,Female,0
district,608,Required,Male,0
district,608,Available,Male,0
district,608,Required,Female,0
district,608,Available,Female,0
district,221,Required,Male,0
district,221,Available,Male,0
district,221,Required,Female,0
district,221,Available,Female,0
district,22,Required,Male,0
district,22,Available,Male,0
district,22,Required,Female,0
district,22,Available,Female,0
district,372,Required,Male,0
district,372,Available,Male,0
district,372,Required,Female,0
district,372,Available,Female,0
district,531,Required,Male,0
district,531,Available,Male,0
district,531,Required,Female,0
district,531,Available,Female,0
district,53,Required,Male,0
district,53,Available,Male,0
district,53,Required,Female,0
district,53,Available,Female,0
district,186,Required,Male,0
district,186,Available,Male,0
district,186,Required,Female,0
district,186,Available,Female,0
district,198,Required,Male,0
district,198,Available,Male,0
district,198,Required,Female,0
district,198,Available,Female,0
district,369,Required,Male,0
district,369,Available,Male,0
district,369,Required,Female,0
district,369,Available,Female,0
district,219,Required,Male,0
district,219,Available,Male,0
district,219,Required,Female,0
district,219,Available,Female,0
district,527,Required,Male,0
district,527,Available,Male,0
district,527,Required,Female,0
district,527,Available,Female,0
district,429,Required,Male,0
district,429,Available,Male,0
district,429,Required,Female,0
district,429,Available,Female,0
district,108,Required,Male,0
district,108,Available,Male,0
district,108,Required,Female,0
district,108,Available,Female,0
district,445,Required,Male,0
district,445,Available,Male,0
district,445,Required,Female,0
district,445,Available,Female,0
district,272,Required,Male,0
district,272,Available,Male,0
district,272,Required,Female,0
district,272,Available,Female,0
district,456,Required,Male,0
district,456,Available,Male,0
district,456,Required,Female,0
district,456,Available,Female,0
district,285,Required,Male,0
district,285,Available,Male,0
district,285,Required,Female,0
district,285,Available,Female,0
district,460,Required,Male,0
district,460,Available,Male,0
district,460,Required,Female,0
district,460,Available,Female,0
district,39,Required,Male,0
district,39,Available,Male,0
district,39,Required,Female,0
district,39,Available,Female,0
district,152,Required,Male,0
district,152,Available,Male,0
district,152,Required,Female,0
district,152,Available,Female,0
district,436,Required,Male,0
district,436,Available,Male,0
district,436,Required,Female,0
district,436,Available,Female,0
district,228,Required,Male,0
district,228,Available,Male,0
district,228,Required,Female,0
district,228,Available,Female,0
district,205,Required,Male,0
district,205,Available,Male,0
district,205,Required,Female,0
district,205,Available,Female,0
district,418,Required,Male,0
district,418,Available,Male,0
district,418,Required,Female,0
district,418,Available,Female,0
district,33,Required,Male,0
district,33,Available,Male,0
district,33,Required,Female,0
district,33,Available,Female,0
district,568,Required,Male,0
district,568,Available,Male,0
district,568,Required,Female,0
district,568,Available,Female,0
district,423,Required,Male,0
district,423,Available,Male,0
district,423,Required,Female,0
district,423,Available,Female,0
district,181,Required,Male,0
district,181,Available,Male,0
district,181,Required,Female,0
district,181,Available,Female,0
district,13,Required,Male,0
district,13,Available,Male,0
district,13,Required,Female,0
district,13,Available,Female,0
district,184,Required,Male,0
district,184,Available,Male,0
district,184,Required,Female,0
district,184,Available,Female,0
district,462,Required,Male,0
district,462,Available,Male,0
district,462,Required,Female,0
district,462,Available,Female,0
district,111,Required,Male,0
district,111,Available,Male,0
district,111,Required,Female,0
district,111,Available,Female,0
district,367,Required,Male,0
district,367,Available,Male,0
district,367,Required,Female,0
district,367,Available,Female,0
district,529,Required,Male,0
district,529,Available,Male,0
district,529,Required,Female,0
district,529,Available,Female,0
district,463,Required,Male,0
district,463,Available,Male,0
district,463,Required,Female,0
district,463,Available,Female,0
district,32,Required,Male,0
district,32,Available,Male,0
district,32,Required,Female,0
district,32,Available,Female,0
district,117,Required,Male,0
district,117,Available,Male,0
district,117,Required,Female,0
district,117,Available,Female,0
district,79,Required,Male,0
district,79,Available,Male,0
district,79,Required,Female,0
district,79,Available,Female,0
district,206,Required,Male,0
district,206,Available,Male,0
district,206,Required,Female,0
district,206,Available,Female,0
district,154,Required,Male,0
district,154,Available,Male,0
district,154,Required,Female,0
district,154,Available,Female,0
district,622,Required,Male,0
district,622,Available,Male,0
district,622,Required,Female,0
district,622,Available,Female,0
district,311,Required,Male,0
district,311,Available,Male,0
district,311,Required,Female,0
district,311,Available,Female,0
district,218,Required,Male,0
district,218,Available,Male,0
district,218,Required,Female,0
district,218,Available,Female,0
district,31,Required,Male,0
district,31,Available,Male,0
district,31,Required,Female,0
district,31,Available,Female,0
district,526,Required,Male,0
district,526,Available,Male,0
district,526,Required,Female,0
district,526,Available,Female,0
district,200,Required,Male,0
district,200,Available,Male,0
district,200,Required,Female,0
district,200,Available,Female,0
district,76,Required,Male,0
district,76,Available,Male,0
district,76,Required,Female,0
district,76,Available,Female,0
district,306,Required,Male,0
district,306,Available,Male,0
district,306,Required,Female,0
district,306,Available,Female,0
district,98,Required,Male,0
district,98,Available,Male,0
district,98,Required,Female,0
district,98,Available,Female,0
district,640,Required,Male,0
district,640,Available,Male,0
district,640,Required,Female,0
district,640,Available,Female,0
district,243,Required,Male,0
district,243,Available,Male,0
district,243,Required,Female,0
district,243,Available,Female,0
district,295,Required,Male,0
district,295,Available,Male,0
district,295,Required,Female,0
district,295,Available,Female,0
district,586,Required,Male,0
district,586,Available,Male,0
district,586,Required,Female,0
district,586,Available,Female,0
district,290,Required,Male,0
district,290,Available,Male,0
district,290,Required,Female,0
district,290,Available,Female,0
district,343,Required,Male,0
district,343,Available,Male,0
district,343,Required,Female,0
district,343,Available,Female,0
district,97,Required,Male,0
district,97,Available,Male,0
district,97,Required,Female,0
district,97,Available,Female,0
district,550,Required,Male,0
district,550,Available,Male,0
district,550,Required,Female,0
district,550,Available,Female,0
district,542,Required,Male,0
district,542,Available,Male,0
district,542,Required,Female,0
district,542,Available,Female,0
district,10,Required,Male,0
district,10,Available,Male,0
district,10,Required,Female,0
district,10,Available,Female,0
district,392,Required,Male,0
district,392,Available,Male,0
district,392,Required,Female,0
district,392,Available,Female,0
district,179,Required,Male,0
district,179,Available,Male,0
district,179,Required,Female,0
district,179,Available,Female,0
district,374,Required,Male,0
district,374,Available,Male,0
district,374,Required,Female,0
district,374,Available,Female,0
district,208,Required,Male,0
district,208,Available,Male,0
district,208,Required,Female,0
district,208,Available,Female,0
district,492,Required,Male,0
district,492,Available,Male,0
district,492,Required,Female,0
district,492,Available,Female,0
district,475,Required,Male,0
district,475,Available,Male,0
district,475,Required,Female,0
district,475,Available,Female,0
district,401,Required,Male,0
district,401,Available,Male,0
district,401,Required,Female,0
district,401,Available,Female,0
district,273,Required,Male,0
district,273,Available,Male,0
district,273,Required,Female,0
district,273,Available,Female,0
district,493,Required,Male,0
district,493,Available,Male,0
district,493,Required,Female,0
district,493,Available,Female,0
district,50,Required,Male,0
district,50,Available,Male,0
district,50,Required,Female,0
district,50,Available,Female,0
district,245,Required,Male,0
district,245,Available,Male,0
district,245,Required,Female,0
district,245,Available,Female,0
district,59,Required,Male,0
district,59,Available,Male,0
district,59,Required,Female,0
district,59,Available,Female,0
district,517,Required,Male,0
district,517,Available,Male,0
district,517,Required,Female,0
district,517,Available,Female,0
district,620,Required,Male,0
district,620,Available,Male,0
district,620,Required,Female,0
district,620,Available,Female,0
district,489,Required,Male,0
district,489,Available,Male,0
district,489,Required,Female,0
district,489,Available,Female,0
district,611,Required,Male,0
district,611,Available,Male,0
district,611,Required,Female,0
district,611,Available,Female,0
district,624,Required,Male,0
district,624,Available,Male,0
district,624,Required,Female,0
district,624,Available,Female,0
district,602,Required,Male,0
district,602,Available,Male,0
district,602,Required,Female,0
district,602,Available,Female,0
district,601,Required,Male,0
district,601,Available,Male,0
district,601,Required,Female,0
district,601,Available,Female,0
district,619,Required,Male,0
district,619,Available,Male,0
district,619,Required,Female,0
district,619,Available,Female,0
district,627,Required,Male,0
district,627,Available,Male,0
district,627,Required,Female,0
district,627,Available,Female,0
district,276,Required,Male,0
district,276,Available,Male,0
district,276,Required,Female,0
district,276,Available,Female,0
district,594,Required,Male,0
district,594,Available,Male,0
district,594,Required,Female,0
district,594,Available,Female,0
district,424,Required,Male,0
district,424,Available,Male,0
district,424,Required,Female,0
district,424,Available,Female,0
district,309,Required,Male,0
district,309,Available,Male,0
district,309,Required,Female,0
district,309,Available,Female,0
district,254,Required,Male,0
district,254,Available,Male,0
district,254,Required,Female,0
district,254,Available,Female,0
district,614,Required,Male,0
district,614,Available,Male,0
district,614,Required,Female,0
district,614,Available,Female,0
district,628,Required,Male,0
district,628,Available,Male,0
district,628,Required,Female,0
district,628,Available,Female,0
district,633,Required,Male,0
district,633,Available,Male,0
district,633,Required,Female,0
district,633,Available,Female,0
district,606,Required,Male,0
district,606,Available,Male,0
district,606,Required,Female,0
district,606,Available,Female,0
district,120,Required,Male,0
district,120,Available,Male,0
district,120,Required,Female,0
district,120,Available,Female,0
district,267,Required,Male,0
district,267,Available,Male,0
district,267,Required,Female,0
district,267,Available,Female,0
district,571,Required,Male,0
district,571,Available,Male,0
district,571,Required,Female,0
district,571,Available,Female,0
district,130,Required,Male,0
district,130,Available,Male,0
district,130,Required,Female,0
district,130,Available,Female,0
district,326,Required,Male,0
district,326,Available,Male,0
district,326,Required,Female,0
district,326,Available,Female,0
district,67,Required,Male,0
district,67,Available,Male,0
district,67,Required,Female,0
district,67,Available,Female,0
district,19,Required,Male,0
district,19,Available,Male,0
district,19,Required,Female,0
district,19,Available,Female,0
district,569,Required,Male,0
district,569,Available,Male,0
district,569,Required,Female,0
district,569,Available,Female,0
district,435,Required,Male,0
district,435,Available,Male,0
district,435,Required,Female,0
district,435,Available,Female,0
district,279,Required,Male,0
district,279,Available,Male,0
district,279,Required,Female,0
district,279,Available,Female,0
district,431,Required,Male,0
district,431,Available,Male,0
district,431,Required,Female,0
district,431,Available,Female,0
district,29,Required,Male,0
district,29,Available,Male,0
district,29,Required,Female,0
district,29,Available,Female,0
district,156,Required,Male,0
district,156,Available,Male,0
district,156,Required,Female,0
district,156,Available,Female,0
district,252,Required,Male,0
district,252,Available,Male,0
district,252,Required,Female,0
district,252,Available,Female,0
district,249,Required,Male,0
district,249,Available,Male,0
district,249,Required,Female,0
district,249,Available,Female,0
district,413,Required,Male,0
district,413,Available,Male,0
district,413,Required,Female,0
district,413,Available,Female,0
district,330,Required,Male,0
district,330,Available,Male,0
district,330,Required,Female,0
district,330,Available,Female,0
district,563,Required,Male,0
district,563,Available,Male,0
district,563,Required,Female,0
district,563,Available,Female,0
district,56,Required,Male,0
district,56,Available,Male,0
district,56,Required,Female,0
district,56,Available,Female,0
district,486,Required,Male,0
district,486,Available,Male,0
district,486,Required,Female,0
district,486,Available,Female,0
district,220,Required,Male,0
district,220,Available,Male,0
district,220,Required,Female,0
district,220,Available,Female,0
district,491,Required,Male,0
district,491,Available,Male,0
district,491,Required,Female,0
district,491,Available,Female,0
district,197,Required,Male,0
district,197,Available,Male,0
district,197,Required,Female,0
district,197,Available,Female,0
district,605,Required,Male,0
district,605,Available,Male,0
district,605,Required,Female,0
district,605,Available,Female,0
district,443,Required,Male,0
district,443,Available,Male,0
district,443,Required,Female,0
district,443,Available,Female,0
district,607,Required,Male,0
district,607,Available,Male,0
district,607,Required,Female,0
district,607,Available,Female,0
district,625,Required,Male,0
district,625,Available,Male,0
district,625,Required,Female,0
district,625,Available,Female,0
district,544,Required,Male,0
district,544,Available,Male,0
district,544,Required,Female,0
district,544,Available,Female,0
district,543,Required,Male,0
district,543,Available,Male,0
district,543,Required,Female,0
district,543,Available,Female,0
district,540,Required,Male,0
district,540,Available,Male,0
district,540,Required,Female,0
district,540,Available,Female,0
district,504,Required,Male,0
district,504,Available,Male,0
district,504,Required,Female,0
district,504,Available,Female,0
district,502,Required,Male,0
district,502,Available,Male,0
district,502,Required,Female,0
district,502,Available,Female,0
district,590,Required,Male,0
district,590,Available,Male,0
district,590,Required,Female,0
district,590,Available,Female,0
district,96,Required,Male,0
district,96,Available,Male,0
district,96,Required,Female,0
district,96,Available,Female,0
district,242,Required,Male,0
district,242,Available,Male,0
district,242,Required,Female,0
district,242,Available,Female,0
district,293,Required,Male,0
district,293,Available,Male,0
district,293,Required,Female,0
district,293,Available,Female,0
district,546,Required,Male,0
district,546,Available,Male,0
district,546,Required,Female,0
district,546,Available,Female,0
district,246,Required,Male,0
district,246,Available,Male,0
district,246,Required,Female,0
district,246,Available,Female,0
district,296,Required,Male,0
district,296,Available,Male,0
district,296,Required,Female,0
district,296,Available,Female,0
district,250,Required,Male,0
district,250,Available,Male,0
district,250,Required,Female,0
district,250,Available,Female,0
district,289,Required,Male,0
district,289,Available,Male,0
district,289,Required,Female,0
district,289,Available,Female,0
district,264,Required,Male,0
district,264,Available,Male,0
district,264,Required,Female,0
district,264,Available,Female,0
district,551,Required,Male,0
district,551,Available,Male,0
district,551,Required,Female,0
district,551,Available,Female,0
district,580,Required,Male,0
district,580,Available,Male,0
district,580,Required,Female,0
district,580,Available,Female,0
district,71,Required,Male,0
district,71,Available,Male,0
district,71,Required,Female,0
district,71,Available,Female,0
district,634,Required,Male,0
district,634,Available,Male,0
district,634,Required,Female,0
district,634,Available,Female,0
district,510,Required,Male,0
district,510,Available,Male,0
district,510,Required,Female,0
district,510,Available,Female,0
district,263,Required,Male,0
district,263,Available,Male,0
district,263,Required,Female,0
district,263,Available,Female,0
state,35,Required,Male,123
state,35,Available,Male,45
state,35,Required,Female,123
state,35,Available,Female,241
state,28,Required,Male,7458
state,28,Available,Male,2964
state,28,Required,Female,7458
state,28,Available,Female,12073
state,12,Required,Male,312
state,12,Available,Male,92
state,12,Required,Female,312
state,12,Available,Female,323
state,18,Required,Male,4621
state,18,Available,Male,2783
state,18,Required,Female,4621
state,18,Available,Female,7545
state,10,Required,Male,9949
state,10,Available,Male,1244
state,10,Required,Female,9949
state,10,Available,Female,20151
state,4,Required,Male,17
state,4,Available,Male,2
state,4,Required,Female,17
state,4,Available,Female,24
state,22,Required,Male,5186
state,22,Available,Male,3856
state,22,Required,Female,5186
state,22,Available,Female,5913
state,26,Required,Male,71
state,26,Available,Male,63
state,26,Required,Female,71
state,26,Available,Female,90
state,25,Required,Male,26
state,25,Available,Male,17
state,25,Required,Female,26
state,25,Available,Female,43
state,30,Required,Male,214
state,30,Available,Male,86
state,30,Required,Female,214
state,30,Available,Female,186
state,24,Required,Male,9082
state,24,Available,Male,7888
state,24,Required,Female,9082
state,24,Available,Female,8859
state,6,Required,Male,2589
state,6,Available,Male,1217
state,6,Required,Female,2589
state,6,Available,Female,4360
state,2,Required,Male,2083
state,2,Available,Male,829
state,2,Required,Female,2083
state,2,Available,Female,1686
state,1,Required,Male,2967
state,1,Available,Male,672
state,1,Required,Female,2967
state,1,Available,Female,4225
state,20,Required,Male,3848
state,20,Available,Male,1654
state,20,Required,Female,3848
state,20,Available,Female,7489
state,29,Required,Male,9381
state,29,Available,Male,3252
state,29,Required,Female,9381
state,29,Available,Female,7152
state,32,Required,Male,5380
state,32,Available,Male,3401
state,32,Required,Female,5380
state,32,Available,Female,4590
state,31,Required,Male,14
state,31,Available,Male,14
state,31,Required,Female,14
state,31,Available,Female,28
state,23,Required,Male,9192
state,23,Available,Male,3707
state,23,Required,Female,9192
state,23,Available,Female,9860
state,27,Required,Male,10580
state,27,Available,Male,4570
state,27,Required,Female,10580
state,27,Available,Female,10613
state,14,Required,Male,421
state,14,Available,Male,374
state,14,Required,Female,421
state,14,Available,Female,750
state,17,Required,Male,436
state,17,Available,Male,192
state,17,Required,Female,436
state,17,Available,Female,790
state,15,Required,Male,370
state,15,Available,Male,366
state,15,Required,Female,370
state,15,Available,Female,622
state,13,Required,Male,396
state,13,Available,Male,3617
state,13,Required,Female,396
state,13,Available,Female,702
state,7,Required,Male,10
state,7,Available,Male,0
state,7,Required,Female,10
state,7,Available,Female,14
state,21,Required,Male,6688
state,21,Available,Male,3617
state,21,Required,Female,6688
state,21,Available,Female,7169
state,34,Required,Male,81
state,34,Available,Male,0
state,34,Required,Female,81
state,34,Available,Female,109
state,3,Required,Male,2950
state,3,Available,Male,1424
state,3,Required,Female,2950
state,3,Available,Female,4674
state,8,Required,Male,14406
state,8,Available,Male,1159
state,8,Required,Female,14406
state,8,Available,Female,14271
state,11,Required,Male,147
state,11,Available,Male,86
state,11,Required,Female,147
state,11,Available,Female,127
state,33,Required,Male,8712
state,33,Available,Male,2109
state,33,Required,Female,8712
state,33,Available,Female,6835
state,36,Required,Male,4797
state,36,Available,Male,1769
state,36,Required,Female,4797
state,36,Available,Female,7848
state,16,Required,Male,987
state,16,Available,Male,735
state,16,Required,Female,987
state,16,Available,Female,582
state,9,Required,Male,20521
state,9,Available,Male,3835
state,9,Required,Female,20521
state,9,Available,Female,28250
state,5,Required,Male,1847
state,5,Available,Male,67
state,5,Required,Female,1847
state,5,Available,Female,1909
state,19,Required,Male,10369
state,19,Available,Male,2174
state,19,Required,Female,10369
state,19,Available,Female,18253
